,종목코드,현재가,거래량,거래대금,일자,시가,고가,저가,수정주가구분,수정비율,대업종구분,소업종구분,종목정보,수정주가이벤트,전일종가
0,089590,16850,56412,950,20211223,16950,17000,16700,,,,,,,
1,,16800,91155,1527,20211222,16950,17100,16550,,,,,,,
2,,16450,55361,910,20211221,16500,16600,16300,,,,,,,
3,,16500,75439,1245,20211220,16700,16750,16450,,,,,,,
4,,16700,39395,658,20211217,16450,16800,16450,,,,,,,
5,,16600,73832,1226,20211216,16600,16850,16550,,,,,,,
6,,16700,61440,1030,20211215,16700,16900,16500,,,,,,,
7,,16700,73999,1238,20211214,16900,16900,16600,,,,,,,
8,,17000,86745,1482,20211213,17250,17300,17000,,,,,,,
9,,17200,133730,2288,20211210,17500,17550,17000,,,,,,,
10,,17400,120610,2111,20211209,17500,17800,17400,,,,,,,
11,,17400,208363,3672,20211208,17350,17850,17250,,,,,,,
12,,17250,260598,4497,20211207,17350,17550,17000,,,,,,,
13,,17000,161375,2719,20211206,16900,17150,16500,,,,,,,
14,,16900,236200,3980,20211203,16950,17200,16650,,,,,,,
15,,16400,230479,3739,20211202,15800,16650,15750,,,,,,,
16,,16250,232014,3729,20211201,15800,16350,15450,,,,,,,
17,,15800,412112,6696,20211130,16950,17150,15700,,,,,,,
18,,16750,529228,8904,20211129,16700,17350,16300,,,,,,,
19,,18000,200490,3598,20211126,18350,18550,17500,,,,,,,
20,,18550,109233,2033,20211125,19000,19000,18400,,,,,,,
21,,19000,77837,1483,20211124,19400,19450,18900,,,,,,,
22,,19400,64549,1256,20211123,19800,19800,19250,,,,,,,
23,,19600,79383,1556,20211122,19800,19900,19400,,,,,,,
24,,19950,83258,1646,20211119,19550,20050,19350,,,,,,,
25,,19700,138192,2665,20211118,19200,19850,18800,,,,,,,
26,,19300,176391,3427,20211117,19800,19850,19300,,,,,,,
27,,19950,239898,4805,20211116,20400,20450,19900,,,,,,,
28,,20400,122633,2497,20211115,20600,20700,20250,,,,,,,
29,,20500,206786,4210,20211112,20400,20550,20000,1,0.00,,,,,
30,,20650,136309,2822,20211111,20900,21000,20500,,,,,,,
31,,21300,670260,13987,20211110,20200,21500,20050,,,,,,,
32,,22000,68547,1507,20211109,22200,22250,21800,,,,,,,
33,,22200,178570,3937,20211108,21750,22250,21700,,,,,,,
34,,21100,144934,3009,20211105,21300,21400,20250,,,,,,,
35,,21450,42462,911,20211104,21350,21700,21350,,,,,,,
36,,21350,79776,1718,20211103,21950,21950,21250,,,,,,,
37,,21700,54126,1175,20211102,21750,22150,21500,,,,,,,
38,,21650,65510,1433,20211101,22000,22300,21600,,,,,,,
39,,21900,82042,1799,20211029,22250,22650,21600,,,,,,,
40,,22250,106046,2367,20211028,22200,22650,21800,,,,,,,
41,,22250,134298,3043,20211027,22800,23050,22250,,,,,,,
42,,23000,181650,4140,20211026,23200,23450,22500,,,,,,,
43,,22900,304304,6800,20211025,21350,22950,21200,,,,,,,
44,,21250,44627,950,20211022,21600,21600,21150,,,,,,,
45,,21350,57232,1224,20211021,21450,21750,21100,,,,,,,
46,,21400,104544,2224,20211020,21650,21800,21000,,,,,,,
47,,21750,117267,2551,20211019,22100,22200,21500,,,,,,,
48,,22100,125411,2775,20211018,22600,22600,22000,,,,,,,
49,,22600,83413,1877,20211015,22350,22850,22300,,,,,,,
50,,22300,106928,2389,20211014,22400,22600,22150,,,,,,,
51,,22600,101418,2266,20211013,22200,22600,22000,,,,,,,
52,,22150,73189,1626,20211012,22500,22500,22000,,,,,,,
53,,22500,90968,2041,20211008,22950,22950,22200,,,,,,,
54,,22700,99606,2250,20211007,22450,22950,22150,,,,,,,
55,,22150,253780,5699,20211006,23500,23550,22000,,,,,,,
56,,23350,268909,6224,20211005,22900,23650,22750,,,,,,,
57,,22750,97932,2225,20211001,23150,23250,22500,,,,,,,
58,,23150,200871,4689,20210930,23550,23650,23000,,,,,,,
59,,23500,213693,4998,20210929,22500,23800,22500,,,,,,,
60,,23300,148578,3434,20210928,23200,23550,22500,,,,,,,
61,,23200,195555,4565,20210927,23750,24050,22900,,,,,,,
62,,23900,142103,3421,20210924,24400,24600,23850,,,,,,,
63,,24250,369289,8871,20210923,23500,24550,22850,,,,,,,
64,,23500,220468,5157,20210917,23050,23800,22700,,,,,,,
65,,23100,122238,2803,20210916,22950,23500,22550,,,,,,,
66,,22900,154290,3571,20210915,23300,23600,22850,,,,,,,
67,,23250,458232,10677,20210914,22500,23650,22500,,,,,,,
68,,22500,273751,5990,20210913,21000,22550,20650,,,,,,,
69,,21350,476724,10311,20210910,21000,23050,19600,64,-7.89,,,,,
70,,21001,0,0,20210909,21001,21001,21001,,,,,,,
71,,21001,0,0,20210908,21001,21001,21001,,,,,,,
72,,21001,0,0,20210907,21001,21001,21001,,,,,,,
73,,21001,0,0,20210906,21001,21001,21001,,,,,,,
74,,21001,0,0,20210903,21001,21001,21001,256,0.00,,,,,
75,,21001,0,0,20210902,21001,21001,21001,,,,,,,
76,,21001,0,0,20210901,21001,21001,21001,,,,,,,
77,,21001,0,0,20210831,21001,21001,21001,,,,,,,
78,,21001,0,0,20210830,21001,21001,21001,,,,,,,
79,,21001,0,0,20210827,21001,21001,21001,,,,,,,
80,,21001,130947,2732,20210826,20541,21093,20448,,,,,,,
81,,20725,147177,3044,20210825,21093,21093,20264,,,,,,,
82,,20494,179266,3629,20210824,19481,20541,19481,,,,,,,
83,,19113,138617,2615,20210823,18146,19297,18008,,,,,,,
84,,18146,232324,4245,20210820,18975,19205,17961,,,,,,,
85,,18836,120101,2300,20210819,19481,19665,18836,,,,,,,
86,,19850,133293,2598,20210818,19527,19942,18836,,,,,,,
87,,19712,186156,3715,20210817,20725,20725,19619,,,,,,,
88,,21001,125611,2619,20210813,21001,21185,20587,,,,,,,
89,,21093,65059,1369,20210812,21323,21323,20909,,,,,,,
90,,21231,84909,1806,20210811,21646,21646,21185,,,,,,,
91,,21554,90743,1942,20210810,21508,21646,21185,,,,,,,
92,,21462,178000,3832,20210809,21370,21830,21001,,,,,,,
93,,21370,83053,1781,20210806,21692,21738,21277,,,,,,,
94,,21370,78598,1669,20210805,21416,21416,21093,,,,,,,
95,,21323,224703,4783,20210804,20633,21646,20541,,,,,,,
96,,20633,62644,1292,20210803,20541,20771,20448,,,,,,,
97,,20448,62367,1276,20210802,20725,20771,20356,,,,,,,
98,,20725,88488,1840,20210730,20817,21001,20633,,,,,,,
99,,20955,64135,1333,20210729,20909,20955,20679,,,,,,,
100,,20817,48832,1017,20210728,20817,21047,20679,,,,,,,
101,,20909,72853,1530,20210727,20909,21323,20771,,,,,,,
102,,20863,140744,2925,20210726,21093,21093,20679,,,,,,,
103,,21093,97162,2056,20210723,21277,21416,21093,,,,,,,
104,,21462,124921,2680,20210722,21277,21692,21231,,,,,,,
105,,21139,123990,2636,20210721,21462,21554,21093,,,,,,,
106,,21185,227985,4831,20210720,21047,21554,20955,,,,,,,
107,,21692,98782,2158,20210719,22152,22199,21554,,,,,,,
108,,22337,158041,3493,20210716,21922,22475,21646,,,,,,,
109,,21922,117179,2562,20210715,22060,22060,21646,,,,,,,
110,,21968,221385,4806,20210714,21370,22106,21093,,,,,,,
111,,21600,187360,4006,20210713,21277,21646,20955,,,,,,,
112,,21231,206435,4350,20210712,20909,21277,20494,,,,,,,
113,,21093,482751,9920,20210709,21047,21277,20218,,,,,,,
114,,21323,1616250,34020,20210708,20264,21968,20126,,,,,,,
115,,22843,177270,4056,20210707,23074,23120,22613,,,,,,,
116,,23442,128669,3004,20210706,23074,23580,22981,,,,,,,
117,,22981,147964,3385,20210705,23028,23028,22705,,,,,,,
118,,23166,110548,2561,20210702,23396,23396,23074,,,,,,,
119,,23304,90647,2109,20210701,23396,23442,23120,,,,,,,
120,,23350,106243,2487,20210630,23856,23856,23304,,,,,,,
121,,23626,131382,3102,20210629,23626,23810,23212,,,,,,,
122,,23626,155024,3595,20210628,23120,23672,22567,,,,,,,
123,,23534,214856,5061,20210625,23028,23764,23028,,,,,,,
124,,22981,305116,6983,20210624,23304,23350,22705,,,,,,,
125,,23488,450020,10472,20210623,23810,23810,22889,,,,,,,
126,,23949,295657,7103,20210622,24409,24639,23856,,,,,,,
127,,24225,404188,9824,20210621,24732,24732,23764,,,,,,,
128,,25146,452701,11472,20210618,26067,26159,24824,,,,,,,
129,,26067,165345,4287,20210617,25975,26205,25514,,,,,,,
130,,25975,199225,5164,20210616,25837,26205,25699,,,,,,,
131,,25837,257324,6605,20210615,25883,26021,25376,,,,,,,
132,,26021,216579,5572,20210614,25975,26067,25468,,,,,,,
133,,26067,282356,7320,20210611,25929,26251,25422,,,,,,,
134,,25929,839860,22022,20210610,25837,27311,25192,,,,,,,
135,,25745,1251449,31777,20210609,24639,26113,24593,,,,,,,
136,,24317,228621,5552,20210608,24133,24547,23764,,,,,,,
137,,23949,324710,7744,20210607,24501,24732,23626,,,,,,,
138,,24409,367169,8956,20210604,24824,24870,24133,,,,,,,
139,,24824,588271,14562,20210603,24870,25054,24409,,,,,,,
140,,24639,1949280,47537,20210602,23258,25192,23120,,,,,,,
141,,22935,528969,12074,20210601,23396,23626,22475,,,,,,,
142,,23212,489643,11472,20210531,23350,23764,23028,,,,,,,
143,,23350,243959,5663,20210528,23442,23442,22889,,,,,,,
144,,23442,548187,12745,20210527,22935,23488,22659,,,,,,,
145,,22659,225956,5085,20210526,22383,22705,22199,,,,,,,
146,,22245,263590,5904,20210525,22014,22613,21968,,,,,,,
147,,21922,126034,2759,20210524,22152,22199,21784,,,,,,,
148,,22152,149917,3324,20210521,22521,22521,22014,,,,,,,
149,,22521,284272,6252,20210520,21646,22521,21093,,,,,,,
150,,22106,616443,13704,20210518,22659,22797,21968,,,,,,,
151,,23120,650008,15068,20210517,22935,23626,22567,,,,,,,
152,,22567,299858,6785,20210514,23074,23350,22337,,,,,,,
153,,23074,395595,9028,20210513,22106,23212,21830,,,,,,,
154,,22475,295194,6693,20210512,23074,23074,22383,,,,,,,
155,,23120,487138,11233,20210511,22935,23626,22659,,,,,,,
156,,22981,818935,18799,20210510,22106,23488,21830,,,,,,,
157,,22060,188696,4140,20210507,21692,22106,21646,,,,,,,
158,,21692,149087,3212,20210506,21370,21738,21047,,,,,,,
159,,21370,259061,5520,20210504,21738,21876,21001,,,,,,,
160,,21876,319034,7001,20210503,22106,22383,21370,,,,,,,
161,,22199,827156,18518,20210430,21692,23028,21554,,,,,,,
162,,21554,187911,4034,20210429,21554,21646,21093,,,,,,,
163,,21462,240599,5111,20210428,21508,21600,20909,,,,,,,
164,,21508,226457,4883,20210427,21692,22014,21231,,,,,,,
165,,21600,488623,10432,20210426,20817,21738,20771,,,,,,,
166,,20679,159881,3271,20210423,20494,20725,20126,,,,,,,
167,,20587,222690,4574,20210422,20402,20817,20310,,,,,,,
168,,20356,115079,2326,20210421,20310,20356,19988,,,,,,,
169,,20494,221377,4491,20210420,19942,20494,19804,,,,,,,
170,,19988,121289,2412,20210419,19988,20080,19758,,,,,,,
171,,20080,111765,2230,20210416,19850,20080,19712,,,,,,,
172,,19896,301729,5970,20210415,19804,20218,19389,,,,,,,
173,,19896,256287,5105,20210414,20218,20264,19804,,,,,,,
174,,20218,277413,5605,20210413,19896,20633,19665,,,,,,,
175,,20034,401377,8087,20210412,20771,20771,19988,,,,,,,
176,,20771,208032,4334,20210409,21185,21185,20725,,,,,,,
177,,21093,187533,3969,20210408,21323,21462,21047,,,,,,,
178,,21462,147212,3172,20210407,21692,21876,21416,,,,,,,
179,,21600,212248,4561,20210406,21185,21830,21139,,,,,,,
180,,20955,166178,3484,20210405,21185,21185,20817,,,,,,,
181,,21370,156446,3318,20210402,21508,21508,20817,,,,,,,
182,,21508,109194,2332,20210401,21508,21600,21231,,,,,,,
183,,21462,140186,2995,20210331,21600,21600,21231,,,,,,,
184,,21370,207533,4420,20210330,21692,21692,21139,,,,,,,
185,,21508,216735,4696,20210329,22245,22245,21462,,,,,,,
186,,22014,232153,5129,20210326,22152,22383,21876,,,,,,,
187,,21692,265011,5796,20210325,21784,22245,21554,,,,,,,
188,,21922,436327,9475,20210324,21600,22337,21139,,,,,,,
189,,22152,525340,11848,20210323,23488,23580,21922,,,,,,,
190,,23396,228286,5322,20210322,23534,23626,22981,,,,,,,
191,,23764,285287,6741,20210319,22935,23949,22889,,,,,,,
192,,23350,239504,5581,20210318,23488,23580,23120,,,,,,,
193,,23488,472397,11064,20210317,23350,23810,22981,,,,,,,
194,,23442,847394,19534,20210316,22291,23442,22245,,,,,,,
195,,22060,263431,5755,20210315,21922,22060,21370,,,,,,,
196,,21508,199078,4250,20210312,21185,21554,21001,,,,,,,
197,,21185,300086,6286,20210311,21323,21462,20448,,,,,,,
198,,21323,191410,4096,20210310,21784,21830,21231,,,,,,,
199,,21784,344822,7435,20210309,21692,22199,20955,,,,,,,
200,,21784,320588,7069,20210308,22337,22475,21646,,,,,,,
201,,22199,388986,8566,20210305,21830,22245,21370,,,,,,,
202,,22014,537386,11748,20210304,21508,22245,21185,,,,,,,
203,,21370,291379,6140,20210303,20863,21508,20264,,,,,,,
204,,20863,474568,9992,20210302,21646,21830,20725,,,,,,,
205,,21508,501136,10593,20210226,20771,21600,20541,,,,,,,
206,,21323,616722,13169,20210225,21876,21922,20955,,,,,,,
207,,20909,1677333,36100,20210224,21370,22106,20771,,,,,,,
208,,20863,911610,18772,20210223,20448,21001,20172,,,,,,,
209,,20080,465780,9393,20210222,20172,20448,19804,,,,,,,
210,,19896,247706,4858,20210219,19527,19896,19343,,,,,,,
211,,19712,225498,4457,20210218,19619,20080,19389,,,,,,,
212,,19712,304600,6031,20210217,19988,20126,19619,,,,,,,
213,,19942,413126,8161,20210216,19850,19988,19481,,,,,,,
214,,20218,382175,7678,20210215,20264,20310,19804,,,,,,,
215,,20034,254033,5036,20210210,19988,20080,19527,,,,,,,
216,,19896,431900,8566,20210209,20218,20448,19573,,,,,,,
217,,20172,961639,19184,20210208,19389,20264,19021,,,,,,,
218,,19389,498529,9534,20210205,18929,19481,18652,,,,,,,
219,,18744,246349,4622,20210204,18883,19205,18514,,,,,,,
220,,18744,182359,3425,20210203,19021,19021,18698,,,,,,,
221,,18790,201042,3779,20210202,18975,18975,18560,,,,,,,
222,,18698,289505,5268,20210201,18054,18790,17271,,,,,,,
223,,18284,338864,6234,20210129,18975,19067,17961,,,,,,,
224,,18744,285746,5370,20210128,18744,19113,18560,,,,,,,
225,,19343,269799,5246,20210127,19712,19942,19205,,,,,,,
226,,19573,433173,8496,20210126,19804,20218,19297,,,,,,,
227,,19758,786979,15380,20210125,19113,19850,18883,,,,,,,
228,,18790,503757,9442,20210122,18514,19113,18284,,,,,,,
229,,18514,420706,7802,20210121,19159,19205,18422,,,,,,,
230,,18698,281156,5218,20210120,18790,19021,18330,,,,,,,
231,,18790,410512,7655,20210119,18238,18929,18192,,,,,,,
232,,18330,538741,9954,20210118,18698,18929,18146,,,,,,,
233,,19205,1519456,29947,20210115,20126,21185,18929,,,,,,,
234,,19804,2630604,50417,20210114,17869,20587,17823,,,,,,,
235,,17685,483931,8480,20210113,17363,17731,17132,,,,,,,
236,,17271,504951,8698,20210112,17179,17639,16810,,,,,,,
237,,17179,847190,14556,20210111,16902,17777,16672,,,,,,,
238,,16902,316152,5328,20210108,17086,17132,16580,,,,,,,
239,,16902,366258,6143,20210107,16672,16994,16580,,,,,,,
240,,16764,258109,4330,20210106,16856,17040,16672,,,,,,,
241,,16856,315510,5306,20210105,16764,17086,16534,,,,,,,
242,,16810,298499,5010,20210104,16948,17040,16580,,,,,,,
243,,16902,241970,4079,20201230,16718,17040,16488,,,,,,,
244,,16626,160480,2644,20201229,16396,16672,16165,4,0.00,,,,,
245,,16165,212206,3437,20201228,16211,16442,15981,,,,,,,
246,,16534,248773,4092,20201224,16073,16672,16073,,,,,,,
247,,15889,228218,3632,20201223,16073,16303,15659,,,,,,,
248,,16165,191192,3096,20201222,16165,16303,16073,,,,,,,
249,,16488,274642,4514,20201221,16626,16626,16257,,,,,,,
250,,16856,373451,6172,20201218,16303,16948,15981,,,,,,,
251,,16303,463180,7545,20201217,16672,16672,16119,,,,,,,
252,,16764,301336,5077,20201216,17179,17363,16626,,,,,,,
253,,17086,401124,6796,20201215,16810,17409,16396,,,,,,,
254,,16948,603737,10348,20201214,17455,17455,16948,,,,,,,
255,,17915,442279,7975,20201211,18192,18468,17639,,,,,,,
256,,18100,488899,8756,20201210,17593,18192,17317,,,,,,,
257,,17731,801351,13989,20201209,16948,17869,16718,,,,,,,
258,,16856,368530,6183,20201208,16626,17040,16488,,,,,,,
259,,16764,517667,8590,20201207,16994,17040,15567,,,,,,,
260,,17363,750053,13139,20201204,17225,18100,17225,,,,,,,
261,,17040,850040,14204,20201203,16764,17317,16442,,,,,,,
262,,16119,673114,10766,20201202,15935,16303,15613,,,,,,,
263,,15567,537210,8328,20201201,14968,15751,14968,,,,,,,
264,,14968,520386,8045,20201130,15751,15797,14968,,,,,,,
265,,15659,267210,4153,20201127,15521,15659,15336,,,,,,,
266,,15521,230533,3550,20201126,15336,15567,15198,,,,,,,
267,,15474,589191,9180,20201125,15751,15935,15198,,,,,,,
268,,15382,527337,8113,20201124,15428,15613,15152,,,,,,,
269,,15060,392856,5888,20201123,14784,15198,14645,,,,,,,
270,,15060,372032,5524,20201120,14738,15060,14415,,,,,,,
271,,14922,474090,6950,20201119,14922,15106,14461,,,,,,,
272,,15152,536307,8207,20201118,15382,15797,15106,,,,,,,
273,,15659,1531563,24233,20201117,16626,16672,15198,,,,,,,
274,,15981,5724114,93800,20201116,15014,17639,14830,,,,,,,
275,,14830,1118077,16912,20201113,14968,15705,14692,,,,,,,
276,,14968,982044,14420,20201112,14553,15106,14093,,,,,,,
277,,14922,3613066,53301,20201111,13909,15705,13586,,,,,,,
278,,13817,2497850,35030,20201110,14876,14876,13264,,,,,,,
279,,12435,234738,2883,20201109,12112,12435,12066,,,,,,,
280,,12020,290587,3531,20201106,12435,12435,11974,,,,,,,
281,,12205,168057,2026,20201105,11974,12251,11928,,,,,,,
282,,12020,106057,1275,20201104,12112,12251,11928,,,,,,,
283,,12020,129649,1573,20201103,12066,12297,12020,,,,,,,
284,,12066,105754,1265,20201102,11882,12066,11836,,,,,,,
285,,11928,146046,1749,20201030,12112,12159,11882,,,,,,,
286,,12112,264145,3171,20201029,12159,12205,11836,,,,,,,
287,,12389,105666,1290,20201028,12112,12435,12066,,,,,,,
288,,12251,106067,1298,20201027,12066,12389,12066,,,,,,,
289,,12389,215261,2685,20201026,12711,12757,12343,,,,,,,
290,,12711,161834,2049,20201023,12803,12803,12573,,,,,,,
291,,12527,114561,1441,20201022,12527,12711,12481,,,,,,,
292,,12711,137835,1740,20201021,12619,12803,12435,,,,,,,
293,,12481,195819,2439,20201020,12711,12711,12297,,,,,,,
294,,12711,205616,2609,20201019,12481,12849,12435,,,,,,,
295,,12481,216256,2712,20201016,12573,12711,12435,,,,,,,
296,,12711,537820,6877,20201015,13034,13034,12527,,,,,,,
297,,13034,281975,3603,20201014,12757,13034,12481,,,,,,,
298,,12757,256093,3250,20201013,12895,12941,12527,,,,,,,
299,,12895,614968,7877,20201012,12435,12988,12343,,,,,,,
300,,12251,145845,1785,20201008,12435,12435,12159,,,,,,,
301,,12159,81425,988,20201007,12205,12251,12020,,,,,,,
302,,12251,189235,2311,20201006,12020,12389,12020,,,,,,,
303,,12112,115566,1393,20201005,12066,12159,11928,,,,,,,
304,,12066,185017,2242,20200929,12205,12389,11974,,,,,,,
305,,12112,151745,1832,20200928,12066,12205,11974,,,,,,,
306,,11882,224009,2683,20200925,11744,12389,11744,,,,,,,
307,,11652,246476,2897,20200924,11698,11928,11652,,,,,,,
308,,12020,165258,1976,20200923,12159,12297,11744,,,,,,,
309,,12297,198275,2418,20200922,12481,12481,12066,,,,,,,
310,,12619,209215,2651,20200921,12757,12941,12481,,,,,,,
311,,12895,233700,2951,20200918,12619,12895,12435,,,,,,,
312,,12711,298519,3821,20200917,12711,12988,12665,,,,,,,
313,,12711,502016,6437,20200916,12803,13080,12619,,,,,,,
314,,12757,702149,8800,20200915,12159,12803,12112,,,,,,,
315,,12112,375706,4518,20200914,11836,12159,11744,,,,,,,
316,,11790,177645,2087,20200911,11836,11882,11698,,,,,,,
317,,11882,188443,2229,20200910,11698,11882,11698,,,,,,,
318,,11744,180224,2117,20200909,11744,11836,11652,,,,,,,
319,,11836,338592,3989,20200908,11698,11928,11698,,,,,,,
320,,11744,294960,3467,20200907,11790,11882,11606,,,,,,,
321,,11790,368151,4323,20200904,11606,11882,11560,,,,,,,
322,,11928,586951,6929,20200903,11882,11928,11560,1,0.00,,,,,
323,,11928,271840,3215,20200902,11882,11928,11698,,,,,,,
324,,11882,1130114,13253,20200901,11698,11928,11237,,,,,,,
325,,12803,94301,1206,20200831,12849,12895,12619,,,,,,,
326,,12803,89504,1146,20200828,12803,12895,12711,,,,,,,
327,,12803,113582,1452,20200827,13034,13126,12665,,,,,,,
328,,13034,85392,1109,20200826,12988,13080,12895,,,,,,,
329,,13034,147758,1937,20200825,13172,13356,12988,,,,,,,
330,,13034,52520,683,20200824,12988,13218,12757,,,,,,,
331,,13264,74474,977,20200821,12988,13586,12895,,,,,,,
332,,12988,134593,1754,20200820,13356,13494,12803,,,,,,,
333,,13310,133174,1771,20200819,13402,13494,13172,,,,,,,
334,,13494,212451,2890,20200818,13770,13955,13448,,,,,,,
335,,14277,141391,2026,20200814,14231,14692,14185,,,,,,,
336,,14323,176263,2509,20200813,14461,14507,14093,,,,,,,
337,,14415,365830,5288,20200812,14001,14876,13955,,,,,,,
338,,13955,151537,2118,20200811,14001,14139,13863,,,,,,,
339,,13909,155510,2167,20200810,14047,14047,13817,,,,,,,
340,,14231,174167,2511,20200807,14738,14738,14185,,,,,,,
341,,14277,130365,1846,20200806,14093,14369,13863,,,,,,,
342,,14231,61707,876,20200805,14139,14323,14093,,,,,,,
343,,14139,74317,1053,20200804,14139,14323,14001,,,,,,,
344,,14093,87228,1230,20200803,14369,14415,14047,,,,,,,
345,,14369,88179,1270,20200731,14599,14645,14323,,,,,,,
346,,14599,77289,1127,20200730,14738,14738,14507,,,,,,,
347,,14738,109390,1598,20200729,14645,14784,14415,,,,,,,
348,,14645,878369,13442,20200728,14093,16534,14093,,,,,,,
349,,14461,156643,2268,20200727,14784,14784,14369,,,,,,,
350,,14784,159528,2365,20200724,15014,15014,14738,,,,,,,
351,,15152,482800,7498,20200723,16119,16396,15106,,,,,,,
352,,14968,133140,1992,20200722,15290,15336,14830,,,,,,,
353,,15244,137324,2085,20200721,14968,15290,14922,,,,,,,
354,,15014,146208,2174,20200720,15106,15152,14645,,,,,,,
355,,15152,179298,2718,20200717,15428,15428,14922,,,,,,,
356,,15474,722236,11606,20200716,15843,16810,15382,,,,,,,
357,,15613,367179,5686,20200715,15474,15797,15198,,,,,,,
358,,15060,109616,1631,20200714,14876,15060,14692,,,,,,,
359,,14830,89111,1321,20200713,14876,15014,14692,,,,,,,
360,,14738,80199,1178,20200710,14738,14922,14599,,,,,,,
361,,14968,98344,1467,20200709,15060,15060,14830,,,,,,,
362,,15060,138396,2078,20200708,15152,15290,14738,,,,,,,
363,,15152,412528,6396,20200707,15336,15843,15014,,,,,,,
364,,15106,113616,1704,20200706,15244,15244,14784,,,,,,,
365,,15336,183202,2803,20200703,15613,15613,15106,,,,,,,
366,,15613,1159414,18612,20200702,14738,17915,14553,,,,,,,
367,,14599,86782,1273,20200701,14876,14922,14553,,,,,,,
368,,14830,159200,2369,20200630,15014,15152,14645,,,,,,,
369,,14830,307210,4620,20200629,14738,15981,14323,,,,,,,
370,,14968,119947,1772,20200626,14784,15060,14461,,,,,,,
371,,14599,111550,1623,20200625,14645,14692,14277,,,,,,,
372,,14830,472924,6971,20200624,15659,15659,14599,,,,,,,
373,,15428,201457,3131,20200623,16073,16073,15060,256,-8.82,,,,,
374,,15244,176407,2666,20200622,14908,15286,14656,,,,,,,
375,,14950,73554,1096,20200619,14950,15076,14698,,,,,,,
376,,14908,80743,1199,20200618,14992,14992,14656,,,,,,,
377,,14992,149519,2241,20200617,15202,15244,14614,,,,,,,
378,,15202,158037,2377,20200616,14866,15622,14530,,,,,,,
379,,14614,214727,3213,20200615,15370,15580,14530,,,,,,,
380,,15286,308687,4666,20200612,15244,15328,14698,,,,,,,
381,,15832,216221,3436,20200611,16000,16084,15748,,,,,,,
382,,16210,246120,4011,20200610,16588,16588,16168,,,,,,,
383,,16672,252390,4228,20200609,16756,16924,16630,,,,,,,
384,,16630,320187,5355,20200608,17134,17134,16420,,,,,,,
385,,16798,1273242,21732,20200605,17050,17512,16630,,,,,,,
386,,16504,442973,7357,20200604,17008,17050,16210,,,,,,,
387,,16420,737432,12160,20200603,16252,16924,16126,,,,,,,
388,,16126,114020,1831,20200602,16000,16168,15958,,,,,,,
389,,16000,127700,2036,20200601,15958,16042,15706,,,,,,,
390,,15958,174514,2787,20200529,15832,16168,15790,,,,,,,
391,,16126,369427,6025,20200528,16756,16756,15958,,,,,,,
392,,16462,711068,11697,20200527,16588,16630,16126,,,,,,,
393,,15874,371995,5851,20200526,15538,15916,15328,,,,,,,
394,,15706,302216,4754,20200525,15958,16000,15622,,,,,,,
395,,16294,618738,9816,20200522,15454,16378,15454,,,,,,,
396,,16462,321236,5226,20200521,16630,16672,16210,,,,,,,
397,,16126,349199,5629,20200520,15958,16504,15538,,,,,,,
398,,16252,1416698,23609,20200519,17764,17764,16042,,,,,,,
399,,14866,345808,5033,20200518,13900,14908,13858,,,,,,,
400,,13858,318199,4440,20200515,14404,14446,13774,,,,,,,
401,,14362,191907,2769,20200514,14614,14782,14278,,,,,,,
402,,14866,221836,3253,20200513,14614,15076,14278,,,,,,,
403,,14866,536325,7938,20200512,15538,15622,14530,,,,,,,
404,,15748,228043,3589,20200511,15790,15832,15622,,,,,,,
405,,16168,140363,2269,20200508,16126,16252,16000,,,,,,,
406,,16126,190167,3045,20200507,16126,16252,15622,,,,,,,
407,,16168,279246,4529,20200506,16672,16798,16084,,,,,,,
408,,16672,261143,4370,20200504,17092,17092,16504,,,,,,,
409,,17176,225717,3861,20200429,17176,17218,16882,,,,,,,
410,,16966,307173,5224,20200428,17050,17302,16798,,,,,,,
411,,16924,222240,3742,20200427,16840,17050,16714,,,,,,,
412,,16840,226721,3858,20200424,17470,17512,16714,,,,,,,
413,,17134,279280,4795,20200423,17428,17512,16966,,,,,,,
414,,16882,495747,8498,20200422,17554,18268,16798,,,,,,,
415,,16630,506151,8381,20200421,16924,17134,15538,,,,,,,
416,,16924,931095,16200,20200420,16714,18310,16672,,,,,,,
417,,16462,425804,6974,20200417,16672,16714,15958,,,,,,,
418,,15832,228903,3590,20200416,15706,16042,15202,,,,,,,
419,,15664,221553,3447,20200414,15412,15748,15328,,,,,,,
420,,15538,450355,7086,20200413,16252,16252,15454,,,,,,,
421,,16504,459358,7435,20200410,16168,16630,15622,,,,,,,
422,,15874,372599,5866,20200409,15622,16126,15286,,,,,,,
423,,15244,329708,4935,20200408,14782,15370,14194,,,,,,,
424,,14782,459215,6752,20200407,14656,15076,14362,,,,,,,
425,,14068,468913,6454,20200406,13606,14194,13228,,,,,,,
426,,13816,177753,2425,20200403,13774,13900,13438,,,,,,,
427,,13774,291097,3991,20200402,13858,14278,13228,,,,,,,
428,,14068,955584,14215,20200401,14530,16000,13816,,,,,,,
429,,14152,394765,5667,20200331,14530,14866,14026,,,,,,,
430,,14278,308269,4236,20200330,13900,14362,12808,,,,,,,
431,,14194,599638,8791,20200327,15202,15706,13312,,,,,,,
432,,14068,1379415,19756,20200326,13018,15454,12850,,,,,,,
433,,12431,1286232,15793,20200325,11129,13312,11003,,,,,,,
434,,10331,352947,3640,20200324,10415,10541,10079,,,,,,,
435,,10079,599340,6040,20200323,9617,11087,9197,,,,,,,
436,,10625,1520844,16355,20200320,10079,11927,9281,,,,,,,
437,,10499,538619,6316,20200319,14194,14488,10205,,,,,,,
438,,14488,220723,3339,20200318,16000,16336,14278,,,,,,,
439,,15916,123746,1926,20200317,15118,16294,14950,,,,,,,
440,,15790,213297,3436,20200316,16210,16798,15580,,,,,,,
441,,15580,278881,4181,20200313,13438,16126,13438,,,,,,,
442,,16042,211033,3434,20200312,16798,16840,15958,,,,,,,
443,,16882,127870,2209,20200311,17764,17932,16882,,,,,,,
444,,17596,155103,2719,20200310,17218,17890,17176,,,,,,,
445,,17932,173649,3072,20200309,17596,18184,17008,,,,,,,
446,,18184,162996,2958,20200306,18268,18562,17848,,,,,,,
447,,18646,311394,5821,20200305,18184,18982,18184,,,,,,,
448,,18226,216208,3892,20200304,18016,18436,17512,,,,,,,
449,,17932,1343777,24626,20200303,17386,19486,17218,,,,,,,
450,,16756,1734965,32299,20200302,16882,20494,16714,,,,,,,
451,,16882,97439,1646,20200228,17302,17302,16756,,,,,,,
452,,17344,98152,1710,20200227,16924,17680,16798,,,,,,,
453,,17218,111214,1876,20200226,16630,17218,16378,,,,,,,
454,,16882,157445,2620,20200225,16336,17092,15958,,,,,,,
455,,16210,255994,4193,20200224,16462,16966,16042,,,,,,,
456,,17344,157129,2715,20200221,17638,17722,17050,,,,,,,
457,,17848,112684,2018,20200220,18268,18394,17722,,,,,,,
458,,18226,97138,1769,20200219,18478,18688,18058,,,,,,,
459,,18478,114848,2132,20200218,18562,18814,18394,,,,,,,
460,,18646,140507,2621,20200217,18898,18898,18436,,,,,,,
461,,19192,69430,1336,20200214,19486,19486,19150,,,,,,,
462,,19486,122151,2378,20200213,19864,19864,19360,,,,,,,
463,,19696,162172,3181,20200212,19318,20032,19276,,,,,,,
464,,19486,59043,1148,20200211,19654,19696,19276,,,,,,,
465,,19486,60376,1165,20200210,19276,19486,19192,,,,,,,
466,,19402,64718,1257,20200207,19738,19738,19318,,,,,,,
467,,19696,97704,1914,20200206,19360,19738,19360,,,,,,,
468,,19318,55788,1080,20200205,19402,19570,19150,,,,,,,
469,,19234,133523,2560,20200204,18562,19360,18520,,,,,,,
470,,18562,111198,2010,20200203,17974,18562,16714,,,,,,,
471,,18436,73018,1350,20200131,18436,19150,18226,,,,,,,
472,,18436,109145,2007,20200130,18772,18856,18226,,,,,,,
473,,18772,141660,2640,20200129,18310,18856,18310,,,,,,,
474,,18184,359430,6579,20200128,18688,18814,18058,,,,,,,
475,,19696,246916,4854,20200123,20200,20200,19360,,,,,,,
476,,20200,140530,2842,20200122,20452,20578,20074,,,,,,,
477,,20452,152387,3124,20200121,20872,21081,20326,,,,,,,
478,,20872,170823,3614,20200120,21543,21711,20830,,,,,,,
479,,21543,68224,1482,20200117,21921,22047,21459,,,,,,,
480,,21795,60380,1310,20200116,21753,21795,21375,,,,,,,
481,,21585,45083,971,20200115,21459,21669,21417,,,,,,,
482,,21501,95004,2043,20200114,21921,21921,21291,,,,,,,
483,,21711,143017,3063,20200113,21417,21795,21333,,,,,,,
484,,21375,70762,1519,20200110,21417,21669,21249,,,,,,,
485,,21249,125446,2667,20200109,21039,21459,21039,,,,,,,
486,,20662,237248,4920,20200108,21333,21585,20494,,,,,,,
487,,21585,88271,1900,20200107,21291,21627,21291,,,,,,,
488,,21291,238770,5090,20200106,21753,21795,21123,,,,,,,
489,,22299,299644,6766,20200103,22887,22887,21417,,,,,,,
490,,22719,64274,1461,20200102,22509,22887,22425,,,,,,,
491,,22509,79419,1795,20191230,22677,22845,22383,,,,,,,
492,,22677,105196,2380,20191227,22257,22929,22257,4,0.00,,,,,
493,,22635,128344,2894,20191226,22677,22845,22425,,,,,,,
494,,22803,182468,4156,20191224,22593,22971,22467,,,,,,,
495,,22593,151947,3437,20191223,22593,22887,22299,,,,,,,
496,,22677,277712,6312,20191220,22383,23223,22173,,,,,,,
497,,22383,935547,22009,20191219,23433,24693,22299,,,,,,,
498,,23265,2637600,63480,20191218,21795,27045,21711,,,,,,,
499,,21627,89937,1928,20191217,21375,21753,21039,,,,,,,
500,,21375,64826,1386,20191216,21543,21543,21207,,,,,,,
501,,21375,97678,2084,20191213,21207,21417,21207,,,,,,,
502,,21207,43765,924,20191212,21039,21207,20998,,,,,,,
503,,21039,21812,460,20191211,21249,21249,20914,,,,,,,
504,,21081,55938,1175,20191210,20998,21207,20872,,,,,,,
505,,21291,82174,1746,20191209,21291,21333,20872,,,,,,,
506,,21207,120754,2563,20191206,21039,21459,20914,,,,,,,
507,,20746,73285,1532,20191205,20494,21123,20494,,,,,,,
508,,20746,86792,1765,20191204,20368,20872,19822,,,,,,,
509,,20368,49715,1011,20191203,20200,20620,20074,,,,,,,
510,,20200,106639,2188,20191202,21039,21123,19654,,,,,,,
511,,20956,43224,908,20191129,21249,21249,20788,,,,,,,
512,,21249,50418,1074,20191128,21165,21543,20998,,,,,,,
513,,21333,125348,2690,20191127,21123,21627,21081,,,,,,,
514,,21291,215648,4592,20191126,20662,21417,20662,,,,,,,
515,,20956,272513,5669,20191125,20578,21165,20410,,,,,,,
516,,19612,86436,1711,20191122,19570,19822,19276,,,,,,,
517,,19612,91035,1792,20191121,20158,20200,19528,,,,,,,
518,,20074,135385,2732,20191120,20620,20662,19948,,,,,,,
519,,20662,63803,1325,20191119,20956,20956,20662,,,,,,,
520,,20998,78286,1639,20191118,21207,21459,20788,,,,,,,
521,,21207,73083,1547,20191115,20998,21375,20704,,,,,,,
522,,20998,56107,1176,20191114,21165,21249,20830,,,,,,,
523,,21123,92184,1959,20191113,21795,21837,20998,,,,,,,
524,,21501,153641,3250,20191112,20452,21543,20452,,,,,,,
525,,20578,127932,2626,20191111,21039,21039,20326,,,,,,,
526,,21123,172948,3711,20191108,21375,21837,20956,,,,,,,
527,,21375,180625,3868,20191107,21291,21963,21039,,,,,,,
528,,21081,110038,2329,20191106,21417,21501,20956,,,,,,,
529,,21123,280050,5950,20191105,20704,21921,20536,,,,,,,
530,,20452,151800,3111,20191104,20032,20788,20032,,,,,,,
531,,20032,37674,758,20191101,19990,20284,19948,,,,,,,
532,,20158,95358,1913,20191031,20032,20242,19948,,,,,,,
533,,20284,34990,712,20191030,20452,20536,20242,,,,,,,
534,,20452,56794,1158,20191029,20284,20578,20200,,,,,,,
535,,20158,90611,1822,20191028,19780,20368,19570,,,,,,,
536,,20032,101538,2034,20191025,20662,20662,19864,,,,,,,
537,,20494,160761,3257,20191024,20326,20746,19780,,,,,,,
538,,20284,168546,3473,20191023,21333,21333,20200,,,,,,,
539,,21165,150985,3216,20191022,21837,22005,21039,,,,,,,
540,,21837,93446,2042,20191021,21753,22089,21501,,,,,,,
541,,21711,212881,4691,20191018,21669,22467,21669,,,,,,,
542,,21459,123274,2656,20191017,21627,21711,21333,,,,,,,
543,,21417,184227,3921,20191016,20956,21459,20872,,,,,,,
544,,20746,157302,3316,20191015,20704,21711,20704,,,,,,,
545,,20914,450382,9283,20191014,19402,21039,19360,,,,,,,
546,,19318,83550,1607,20191011,19570,19570,19150,,,,,,,
547,,19150,99488,1909,20191010,19444,19570,19066,,,,,,,
548,,19360,117502,2282,20191008,19738,19906,19318,,,,,,,
549,,19738,60305,1193,20191007,19654,20032,19570,,,,,,,
550,,19738,80286,1594,20191004,20074,20158,19654,,,,,,,
551,,20158,84891,1721,20191002,20746,20872,19990,,,,,,,
552,,20746,110613,2299,20191001,20662,21165,20620,,,,,,,
553,,20536,91711,1878,20190930,20494,20662,20242,,,,,,,
554,,20452,129644,2602,20190927,20200,20536,19654,,,,,,,
555,,20158,33880,686,20190926,20158,20410,20116,,,,,,,
556,,20158,43393,875,20190925,20368,20410,20074,,,,,,,
557,,20368,37538,762,20190924,20242,20410,20242,,,,,,,
558,,20326,66657,1358,20190923,20536,20662,20284,,,,,,,
559,,20536,60146,1236,20190920,20578,20746,20410,,,,,,,
560,,20662,110098,2282,20190919,21123,21249,20536,,,,,,,
561,,20914,68996,1441,20190918,20872,21123,20620,,,,,,,
562,,20872,105861,2179,20190917,20410,20914,20200,,,,,,,
563,,20410,196595,3993,20190916,20200,20662,19906,,,,,,,
564,,20662,155615,3208,20190911,20410,21249,20326,,,,,,,
565,,20074,80131,1581,20190910,19654,20116,19402,,,,,,,
566,,19654,94109,1864,20190909,20116,20116,19654,,,,,,,
567,,19948,42440,847,20190906,20242,20242,19780,,,,,,,
568,,20074,107385,2176,20190905,20494,20494,20032,,,,,,,
569,,20242,94071,1895,20190904,20326,20326,19864,,,,,,,
570,,20410,101101,2062,20190903,20578,20578,20158,,,,,,,
571,,20032,60479,1212,20190902,19948,20326,19738,,,,,,,
572,,20116,92060,1827,20190830,19360,20620,19360,,,,,,,
573,,19192,41844,807,20190829,19402,19528,19150,,,,,,,
574,,19192,37365,720,20190828,19318,19402,19150,,,,,,,
575,,19318,60393,1167,20190827,19696,19696,19234,,,,,,,
576,,19360,51840,1007,20190826,19738,19738,19318,,,,,,,
577,,19948,89206,1788,20190823,19822,20494,19150,,,,,,,
578,,20158,65952,1342,20190822,20536,20704,20158,,,,,,,
579,,20410,211642,4352,20190821,19948,20914,19948,,,,,,,
580,,19948,105148,2112,20190820,19780,20410,19738,,,,,,,
581,,19738,57466,1117,20190819,19360,19822,19024,,,,,,,
582,,19360,51239,983,20190816,19570,19570,18646,,,,,,,
583,,19654,72615,1437,20190814,19738,20452,19654,,,,,,,
584,,20032,58672,1173,20190813,20032,20578,19738,,,,,,,
585,,20242,55957,1145,20190812,19990,20704,19990,,,,,,,
586,,20410,93540,1928,20190809,20536,20998,20326,,,,,,,
587,,20158,104949,2128,20190808,20032,20578,19738,,,,,,,
588,,19612,215690,4171,20190807,19318,19822,18898,,,,,,,
589,,20158,147582,3021,20190806,19738,21291,19402,,,,,,,
590,,20788,129340,2717,20190805,21543,21669,20746,,,,,,,
591,,21963,65538,1442,20190802,21753,22341,21669,,,,,,,
592,,22341,53956,1221,20190801,22467,23055,22257,,,,,,,
593,,22719,119601,2697,20190731,22719,23097,22005,,,,,,,
594,,23139,174239,4001,20190730,21585,23643,21585,,,,,,,
595,,21627,124796,2724,20190729,22299,22383,21585,,,,,,,
596,,22467,101298,2268,20190726,22341,22719,22173,,,,,,,
597,,22929,79623,1816,20190725,23139,23265,22593,,,,,,,
598,,23139,54408,1260,20190724,23391,23391,23055,,,,,,,
599,,23223,69394,1616,20190723,23139,23391,23097,,,,,,,
